abu_dhabi_muscat: 'AbuDhabiMuscat'
adelaide: 'Adelaide'
alaska: 'Alaska'
almaty_novosibirsk: 'AlmatyNovosibirsk'
amsterdam_berlin_bern_rome_stockholm_vienna: 'AmsterdamBerlinBernRomeStockholmVienna'
arizona: 'Arizona'
astana_dhaka: 'AstanaDhaka'
athens_buckarest_istanbul: 'AthensBuckarestIstanbul'
atlantic_time_canada: 'AtlanticTimeCanada'
auckland_wellington: 'AucklandWellington'
azores: 'Azores'
baghdad: 'Baghdad'
baku_tbilisi_yerevan: 'BakuTbilisiYerevan'
bangkok_hanoi_jakarta: 'BangkokHanoiJakarta'
beijing_chongqing_hong_kong_urumqi: 'BeijingChongqingHongKongUrumqi'
belgrade_bratislava_budapest_ljubljana_prague: 'BelgradeBratislavaBudapestLjubljanaPrague'
bogota_lima_quito: 'BogotaLimaQuito'
brasilia: 'Brasilia'
brisbane: 'Brisbane'
brussels_copenhagen_madrid_paris: 'BrusselsCopenhagenMadridParis'
bucharest: 'Bucharest'
buenos_aires_georgetown: 'BuenosAiresGeorgetown'
cairo: 'Cairo'
canberra_melbourne_sydney: 'CanberraMelbourneSydney'
cape_verde_island: 'CapeVerdeIsland'
caracas_la_paz: 'CaracasLaPaz'
casablanca_monrovia: 'CasablancaMonrovia'
central_america: 'CentralAmerica'
central_time_u_s_canada: 'CentralTimeUSCanada'
chennai_kolkata_mumbai_new_delhi: 'ChennaiKolkataMumbaiNewDelhi'
chihuahua_la_paz_mazatlan: 'ChihuahuaLaPazMazatlan'
darwin: 'Darwin'
eastern_time_u_s_canada: 'EasternTimeUSCanada'
ekaterinburg: 'Ekaterinburg'
fiji_kamchatka_marshall_island: 'FijiKamchatkaMarshallIsland'
greenland: 'Greenland'
greenwich_mean_time_dublin_edinburgh_lisbon_london: 'GreenwichMeanTimeDublinEdinburghLisbonLondon'
guadalajara_mexico_city_monterrey: 'GuadalajaraMexicoCityMonterrey'
guam_port_moresby: 'GuamPortMoresby'
harare_pretoria: 'HararePretoria'
hawaii: 'Hawaii'
helsinki_kyiv_riga_sofia_tallinn_vilnius: 'HelsinkiKyivRigaSofiaTallinnVilnius'
hobart: 'Hobart'
indiana_east: 'IndianaEast'
international_date_line_west: 'InternationalDateLineWest'
irkutsk_ulaan_bataar: 'IrkutskUlaanBataar'
islandamabad_karachi_tashkent: 'IslandamabadKarachiTashkent'
jerusalem: 'Jerusalem'
kabul: 'Kabul'
kathmandu: 'Kathmandu'
krasnoyarsk: 'Krasnoyarsk'
kuala_lumpur_singapore: 'KualaLumpurSingapore'
kuwait_riyadh: 'KuwaitRiyadh'
solomon_island_new_caledonia: 'SolomonIslandNewCaledonia'
mid_atlantic: 'MidAtlantic'
midway_islandand_samoa: 'MidwayIslandAndSamoa'
moscow_st_petersburg_volgograd: 'MoscowStPetersburgVolgograd'
mountain_time_u_s_canada: 'MountainTimeUSCanada'
nairobi: 'Nairobi'
newfoundland: 'Newfoundland'
nukualofa: 'Nukualofa'
osaka_sapporo_tokyo: 'OsakaSapporoTokyo'
pacific_time_u_s_canada_tijuana: 'PacificTimeUSCanadaTijuana'
perth: 'Perth'
rangoon: 'Rangoon'
santiago: 'Santiago'
sarajevo_skopje_warsaw_zagreb: 'SarajevoSkopjeWarsawZagreb'
saskatchewan: 'Saskatchewan'
seoul: 'Seoul'
sri_jayawardenepura: 'SriJayawardenepura'
taipei: 'Taipei'
tehran: 'Tehran'
vladivostok: 'Vladivostok'
west_central_africa: 'WestCentralAfrica'
yakutsk: 'Yakutsk'
